city,state,country,continent
Nimiburg,Sarverashtra,Vikramland,Huanaia
Monagabad,Sarverashtra,Vikramland,Huanaia
Vikrampur,Sarverashtra,Vikramland,Huanaia
Suchipur,Sachirashtra,Vikramland,Huanaia
Hannamgaon,Sachirashtra,Vikramland,Huanaia
Srijigiri,Sachirashtra,Vikramland,Huanaia
Advigiri,Monagarashtra,Vikramland,Huanaia
Sarvegiri,Monagarashtra,Vikramland,Huanaia
Suchigiri,Monagarashtra,Vikramland,Huanaia
Hannamgiri,Huanarashtra,Huanania,Huanaia
Suchiville,Huanarashtra,Huanania,Huanaia
Vikramgaon,Huanarashtra,Huanania,Huanaia
Hannamburg,Srijirashtra,Huanania,Huanaia
Hannambad,Srijirashtra,Huanania,Huanaia
Huanabad,Srijirashtra,Huanania,Huanaia
Hannamville,Suchiria,Huanania,Huanaia
Advigaon,Suchiria,Huanania,Huanaia
Nimipur,Suchiria,Huanania,Huanaia
Sachiburg,Hannamria,Vikramnia,Huanaia
Monagagiri,Hannamria,Vikramnia,Huanaia
Suchiburg,Hannamria,Vikramnia,Huanaia
Monagapur,Suchisia,Vikramnia,Huanaia
Sarvepur,Suchisia,Vikramnia,Huanaia
Sarvebad,Suchisia,Vikramnia,Huanaia
Vikramville,Advirashtra,Vikramnia,Huanaia
Suchigaon,Advirashtra,Vikramnia,Huanaia
Advibad,Advirashtra,Vikramnia,Huanaia
Srijigaon,Hannamrashtra,Sachinia,Sarveia
Huanagiri,Hannamrashtra,Sachinia,Sarveia
Sarvegaon,Hannamrashtra,Sachinia,Sarveia
Monagaville,Hannamsia,Sachinia,Sarveia
Srijiville,Hannamsia,Sachinia,Sarveia
Vikramgiri,Hannamsia,Sachinia,Sarveia
Suchibad,Monagaria,Sachinia,Sarveia
Sachibad,Monagaria,Sachinia,Sarveia
Nimibad,Monagaria,Sachinia,Sarveia
Nimigiri,Advisia,Vikramstan,Sarveia
Sachipur,Advisia,Vikramstan,Sarveia
Adviburg,Advisia,Vikramstan,Sarveia
Sarveburg,Monagaberg,Vikramstan,Sarveia
Sachigaon,Monagaberg,Vikramstan,Sarveia
Vikrambad,Monagaberg,Vikramstan,Sarveia
Adviville,Nimiberg,Vikramstan,Sarveia
Huanagaon,Nimiberg,Vikramstan,Sarveia
Srijiburg,Nimiberg,Vikramstan,Sarveia
Vikramburg,Huanaberg,Suchinia,Sarveia
Srijibad,Huanaberg,Suchinia,Sarveia
Sachigiri,Huanaberg,Suchinia,Sarveia
Advipur,Nimiria,Suchinia,Sarveia
Nimiville,Nimiria,Suchinia,Sarveia
Huanapur,Nimiria,Suchinia,Sarveia
Monagagaon,Srijiria,Suchinia,Sarveia
Nimigaon,Srijiria,Suchinia,Sarveia
Huanaville,Srijiria,Suchinia,Sarveia
